"school","criterion_id","score","confidence","dealbreaker","note","known_fact","source","baseline_score","baseline_confidence","baseline_note","baseline_source","user_override","camille_answered","user_score","user_confidence","user_note","score_origin","score_owner"
"UCSB","research_fit_primary",5,0.45,FALSE,"Prefilled starting value from the tool. Camille can keep it or change it if it feels off.","","camille_required",5,0.25,"No criterion-specific evidence was loaded for this item yet, so the tool uses a neutral placeholder score to stay usable out of the box. This should be improved with more detailed research later.","neutral_placeholder",FALSE,TRUE,5,0.45,"Prefilled starting value from the tool. Camille can keep it or change it if it feels off.","camille_required","camille_required"
"Northwestern","research_fit_primary",5,0.45,FALSE,"Prefilled starting value from the tool. Camille can keep it or change it if it feels off.","","camille_required",5,0.25,"No criterion-specific evidence was loaded for this item yet, so the tool uses a neutral placeholder score to stay usable out of the box. This should be improved with more detailed research later.","neutral_placeholder",FALSE,TRUE,5,0.45,"Prefilled starting value from the tool. Camille can keep it or change it if it feels off.","camille_required","camille_required"
"UCSB","research_fit_secondary",5,0.45,FALSE,"Prefilled starting value from the tool. Camille can keep it or change it if it feels off.","","camille_required",5,0.25,"No criterion-specific evidence was loaded for this item yet, so the tool uses a neutral placeholder score to stay usable out of the box. This should be improved with more detailed research later.","neutral_placeholder",FALSE,TRUE,5,0.45,"Prefilled starting value from the tool. Camille can keep it or change it if it feels off.","camille_required","camille_required"
"Northwestern","research_fit_secondary",5,0.45,FALSE,"Prefilled starting value from the tool. Camille can keep it or change it if it feels off.","","camille_required",5,0.25,"No criterion-specific evidence was loaded for this item yet, so the tool uses a neutral placeholder score to stay usable out of the box. This should be improved with more detailed research later.","neutral_placeholder",FALSE,TRUE,5,0.45,"Prefilled starting value from the tool. Camille can keep it or change it if it feels off.","camille_required","camille_required"
"UCSB","advisor_fit_best",5,0.45,FALSE,"Prefilled starting value from the tool. Camille can keep it or change it if it feels off.","Northwestern appears to have the stronger best-fit professor, implying UCSB may be somewhat weaker on top advisor fit.","camille_required",5,0.25,"No criterion-specific evidence was loaded for this item yet, so the tool uses a neutral placeholder score to stay usable out of the box. This should be improved with more detailed research later.","neutral_placeholder",FALSE,TRUE,5,0.45,"Prefilled starting value from the tool. Camille can keep it or change it if it feels off.","camille_required","camille_required"
"Northwestern","advisor_fit_best",5,0.45,FALSE,"Prefilled starting value from the tool. Camille can keep it or change it if it feels off.","One professor appears better aligned with her research interests but also felt intimidating.","camille_required",5,0.25,"No criterion-specific evidence was loaded for this item yet, so the tool uses a neutral placeholder score to stay usable out of the box. This should be improved with more detailed research later.","neutral_placeholder",FALSE,TRUE,5,0.45,"Prefilled starting value from the tool. Camille can keep it or change it if it feels off.","camille_required","camille_required"
"UCSB","advisor_fit_second",5,0.45,FALSE,"Prefilled starting value from the tool. Camille can keep it or change it if it feels off.","","camille_required",5,0.25,"No criterion-specific evidence was loaded for this item yet, so the tool uses a neutral placeholder score to stay usable out of the box. This should be improved with more detailed research later.","neutral_placeholder",FALSE,TRUE,5,0.45,"Prefilled starting value from the tool. Camille can keep it or change it if it feels off.","camille_required","camille_required"
"Northwestern","advisor_fit_second",5,0.45,FALSE,"Prefilled starting value from the tool. Camille can keep it or change it if it feels off.","","camille_required",5,0.25,"No criterion-specific evidence was loaded for this item yet, so the tool uses a neutral placeholder score to stay usable out of the box. This should be improved with more detailed research later.","neutral_placeholder",FALSE,TRUE,5,0.45,"Prefilled starting value from the tool. Camille can keep it or change it if it feels off.","camille_required","camille_required"
"UCSB","advisor_depth",5,0.45,FALSE,"Prefilled starting value from the tool. Camille can keep it or change it if it feels off.","","camille_required",5,0.25,"No criterion-specific evidence was loaded for this item yet, so the tool uses a neutral placeholder score to stay usable out of the box. This should be improved with more detailed research later.","neutral_placeholder",FALSE,TRUE,5,0.45,"Prefilled starting value from the tool. Camille can keep it or change it if it feels off.","camille_required","camille_required"
"Northwestern","advisor_depth",5,0.45,FALSE,"Prefilled starting value from the tool. Camille can keep it or change it if it feels off.","","camille_required",5,0.25,"No criterion-specific evidence was loaded for this item yet, so the tool uses a neutral placeholder score to stay usable out of the box. This should be improved with more detailed research later.","neutral_placeholder",FALSE,TRUE,5,0.45,"Prefilled starting value from the tool. Camille can keep it or change it if it feels off.","camille_required","camille_required"
"UCSB","advisor_personality",5,0.45,FALSE,"Prefilled starting value from the tool. Camille can keep it or change it if it feels off.","","camille_required",5,0.25,"No criterion-specific evidence was loaded for this item yet, so the tool uses a neutral placeholder score to stay usable out of the box. This should be improved with more detailed research later.","neutral_placeholder",FALSE,TRUE,5,0.45,"Prefilled starting value from the tool. Camille can keep it or change it if it feels off.","camille_required","camille_required"
"Northwestern","advisor_personality",5,0.45,FALSE,"Prefilled starting value from the tool. Camille can keep it or change it if it feels off.","","camille_required",5,0.25,"No criterion-specific evidence was loaded for this item yet, so the tool uses a neutral placeholder score to stay usable out of the box. This should be improved with more detailed research later.","neutral_placeholder",FALSE,TRUE,5,0.45,"Prefilled starting value from the tool. Camille can keep it or change it if it feels off.","camille_required","camille_required"
"UCSB","mentoring_reputation",5,0.45,FALSE,"Prefilled starting value from the tool. Camille can keep it or change it if it feels off.","","camille_required",5,0.25,"No criterion-specific evidence was loaded for this item yet, so the tool uses a neutral placeholder score to stay usable out of the box. This should be improved with more detailed research later.","neutral_placeholder",FALSE,TRUE,5,0.45,"Prefilled starting value from the tool. Camille can keep it or change it if it feels off.","camille_required","camille_required"
"Northwestern","mentoring_reputation",5,0.45,FALSE,"Prefilled starting value from the tool. Camille can keep it or change it if it feels off.","","camille_required",5,0.25,"No criterion-specific evidence was loaded for this item yet, so the tool uses a neutral placeholder score to stay usable out of the box. This should be improved with more detailed research later.","neutral_placeholder",FALSE,TRUE,5,0.45,"Prefilled starting value from the tool. Camille can keep it or change it if it feels off.","camille_required","camille_required"
"UCSB","faculty_enthusiasm_for_camille",5,0.45,FALSE,"Prefilled starting value from the tool. Camille can keep it or change it if it feels off.","Faculty flew her out and many professors wanted to meet her.","camille_required",5,0.25,"No criterion-specific evidence was loaded for this item yet, so the tool uses a neutral placeholder score to stay usable out of the box. This should be improved with more detailed research later.","neutral_placeholder",FALSE,TRUE,5,0.45,"Prefilled starting value from the tool. Camille can keep it or change it if it feels off.","camille_required","camille_required"
"Northwestern","faculty_enthusiasm_for_camille",5,0.45,FALSE,"Prefilled starting value from the tool. Camille can keep it or change it if it feels off.","Northwestern did not recruit with the same visible intensity as UCSB based on the current context.","camille_required",5,0.25,"No criterion-specific evidence was loaded for this item yet, so the tool uses a neutral placeholder score to stay usable out of the box. This should be improved with more detailed research later.","neutral_placeholder",FALSE,TRUE,5,0.45,"Prefilled starting value from the tool. Camille can keep it or change it if it feels off.","camille_required","camille_required"
"UCSB","intellectual_community",5,0.45,FALSE,"Prefilled starting value from the tool. Camille can keep it or change it if it feels off.","","camille_required",5,0.25,"No criterion-specific evidence was loaded for this item yet, so the tool uses a neutral placeholder score to stay usable out of the box. This should be improved with more detailed research later.","neutral_placeholder",FALSE,TRUE,5,0.45,"Prefilled starting value from the tool. Camille can keep it or change it if it feels off.","camille_required","camille_required"
"Northwestern","intellectual_community",5,0.45,FALSE,"Prefilled starting value from the tool. Camille can keep it or change it if it feels off.","","camille_required",5,0.25,"No criterion-specific evidence was loaded for this item yet, so the tool uses a neutral placeholder score to stay usable out of the box. This should be improved with more detailed research later.","neutral_placeholder",FALSE,TRUE,5,0.45,"Prefilled starting value from the tool. Camille can keep it or change it if it feels off.","camille_required","camille_required"
"UCSB","methods_training",5,0.45,FALSE,"Prefilled starting value from the tool. Camille can keep it or change it if it feels off.","","camille_required",5,0.25,"No criterion-specific evidence was loaded for this item yet, so the tool uses a neutral placeholder score to stay usable out of the box. This should be improved with more detailed research later.","neutral_placeholder",FALSE,TRUE,5,0.45,"Prefilled starting value from the tool. Camille can keep it or change it if it feels off.","camille_required","camille_required"
"Northwestern","methods_training",5,0.45,FALSE,"Prefilled starting value from the tool. Camille can keep it or change it if it feels off.","","camille_required",5,0.25,"No criterion-specific evidence was loaded for this item yet, so the tool uses a neutral placeholder score to stay usable out of the box. This should be improved with more detailed research later.","neutral_placeholder",FALSE,TRUE,5,0.45,"Prefilled starting value from the tool. Camille can keep it or change it if it feels off.","camille_required","camille_required"
"UCSB","interdisciplinary_opportunities",5,0.45,FALSE,"Prefilled starting value from the tool. Camille can keep it or change it if it feels off.","","camille_required",5,0.25,"No criterion-specific evidence was loaded for this item yet, so the tool uses a neutral placeholder score to stay usable out of the box. This should be improved with more detailed research later.","neutral_placeholder",FALSE,TRUE,5,0.45,"Prefilled starting value from the tool. Camille can keep it or change it if it feels off.","camille_required","camille_required"
"Northwestern","interdisciplinary_opportunities",5,0.45,FALSE,"Prefilled starting value from the tool. Camille can keep it or change it if it feels off.","","camille_required",5,0.25,"No criterion-specific evidence was loaded for this item yet, so the tool uses a neutral placeholder score to stay usable out of the box. This should be improved with more detailed research later.","neutral_placeholder",FALSE,TRUE,5,0.45,"Prefilled starting value from the tool. Camille can keep it or change it if it feels off.","camille_required","camille_required"
"UCSB","research_collaboration",5,0.45,FALSE,"Prefilled starting value from the tool. Camille can keep it or change it if it feels off.","","camille_required",5,0.25,"No criterion-specific evidence was loaded for this item yet, so the tool uses a neutral placeholder score to stay usable out of the box. This should be improved with more detailed research later.","neutral_placeholder",FALSE,TRUE,5,0.45,"Prefilled starting value from the tool. Camille can keep it or change it if it feels off.","camille_required","camille_required"
"Northwestern","research_collaboration",5,0.45,FALSE,"Prefilled starting value from the tool. Camille can keep it or change it if it feels off.","","camille_required",5,0.25,"No criterion-specific evidence was loaded for this item yet, so the tool uses a neutral placeholder score to stay usable out of the box. This should be improved with more detailed research later.","neutral_placeholder",FALSE,TRUE,5,0.45,"Prefilled starting value from the tool. Camille can keep it or change it if it feels off.","camille_required","camille_required"
"UCSB","flexibility_to_evolve_topic",5,0.45,FALSE,"Prefilled starting value from the tool. Camille can keep it or change it if it feels off.","","camille_required",5,0.25,"No criterion-specific evidence was loaded for this item yet, so the tool uses a neutral placeholder score to stay usable out of the box. This should be improved with more detailed research later.","neutral_placeholder",FALSE,TRUE,5,0.45,"Prefilled starting value from the tool. Camille can keep it or change it if it feels off.","camille_required","camille_required"
"Northwestern","flexibility_to_evolve_topic",5,0.45,FALSE,"Prefilled starting value from the tool. Camille can keep it or change it if it feels off.","","camille_required",5,0.25,"No criterion-specific evidence was loaded for this item yet, so the tool uses a neutral placeholder score to stay usable out of the box. This should be improved with more detailed research later.","neutral_placeholder",FALSE,TRUE,5,0.45,"Prefilled starting value from the tool. Camille can keep it or change it if it feels off.","camille_required","camille_required"
"UCSB","dissertation_support",5,0.45,FALSE,"Prefilled starting value from the tool. Camille can keep it or change it if it feels off.","","camille_required",5,0.25,"No criterion-specific evidence was loaded for this item yet, so the tool uses a neutral placeholder score to stay usable out of the box. This should be improved with more detailed research later.","neutral_placeholder",FALSE,TRUE,5,0.45,"Prefilled starting value from the tool. Camille can keep it or change it if it feels off.","camille_required","camille_required"
"Northwestern","dissertation_support",5,0.45,FALSE,"Prefilled starting value from the tool. Camille can keep it or change it if it feels off.","","camille_required",5,0.25,"No criterion-specific evidence was loaded for this item yet, so the tool uses a neutral placeholder score to stay usable out of the box. This should be improved with more detailed research later.","neutral_placeholder",FALSE,TRUE,5,0.45,"Prefilled starting value from the tool. Camille can keep it or change it if it feels off.","camille_required","camille_required"
"UCSB","teaching_training",5,0.45,FALSE,"Prefilled starting value from the tool. Camille can keep it or change it if it feels off.","","camille_required",5,0.25,"No criterion-specific evidence was loaded for this item yet, so the tool uses a neutral placeholder score to stay usable out of the box. This should be improved with more detailed research later.","neutral_placeholder",FALSE,TRUE,5,0.45,"Prefilled starting value from the tool. Camille can keep it or change it if it feels off.","camille_required","camille_required"
"Northwestern","teaching_training",5,0.45,FALSE,"Prefilled starting value from the tool. Camille can keep it or change it if it feels off.","","camille_required",5,0.25,"No criterion-specific evidence was loaded for this item yet, so the tool uses a neutral placeholder score to stay usable out of the box. This should be improved with more detailed research later.","neutral_placeholder",FALSE,TRUE,5,0.45,"Prefilled starting value from the tool. Camille can keep it or change it if it feels off.","camille_required","camille_required"
"UCSB","labor_vs_training_balance",5,0.45,FALSE,"Prefilled starting value from the tool. Camille can keep it or change it if it feels off.","","camille_required",5,0.25,"No criterion-specific evidence was loaded for this item yet, so the tool uses a neutral placeholder score to stay usable out of the box. This should be improved with more detailed research later.","neutral_placeholder",FALSE,TRUE,5,0.45,"Prefilled starting value from the tool. Camille can keep it or change it if it feels off.","camille_required","camille_required"
"Northwestern","labor_vs_training_balance",5,0.45,FALSE,"Prefilled starting value from the tool. Camille can keep it or change it if it feels off.","","camille_required",5,0.25,"No criterion-specific evidence was loaded for this item yet, so the tool uses a neutral placeholder score to stay usable out of the box. This should be improved with more detailed research later.","neutral_placeholder",FALSE,TRUE,5,0.45,"Prefilled starting value from the tool. Camille can keep it or change it if it feels off.","camille_required","camille_required"
"UCSB","annual_stipend_value",5,0.25,FALSE,"No criterion-specific evidence was loaded for this item yet, so the tool uses a neutral placeholder score to stay usable out of the box. This should be improved with more detailed research later.","Chancellor's Fellowship provides 32500 USD per year with teaching required in three years.","neutral_placeholder",5,0.25,"No criterion-specific evidence was loaded for this item yet, so the tool uses a neutral placeholder score to stay usable out of the box. This should be improved with more detailed research later.","neutral_placeholder",FALSE,FALSE,,,"","research_baseline","research_baseline"
"Northwestern","annual_stipend_value",5,0.25,FALSE,"No criterion-specific evidence was loaded for this item yet, so the tool uses a neutral placeholder score to stay usable out of the box. This should be improved with more detailed research later.","Funding is 47000 USD per year guaranteed.","neutral_placeholder",5,0.25,"No criterion-specific evidence was loaded for this item yet, so the tool uses a neutral placeholder score to stay usable out of the box. This should be improved with more detailed research later.","neutral_placeholder",FALSE,FALSE,,,"","research_baseline","research_baseline"
"UCSB","funding_guarantee_years",5,0.25,FALSE,"No criterion-specific evidence was loaded for this item yet, so the tool uses a neutral placeholder score to stay usable out of the box. This should be improved with more detailed research later.","","neutral_placeholder",5,0.25,"No criterion-specific evidence was loaded for this item yet, so the tool uses a neutral placeholder score to stay usable out of the box. This should be improved with more detailed research later.","neutral_placeholder",FALSE,FALSE,,,"","research_baseline","research_baseline"
"Northwestern","funding_guarantee_years",5,0.25,FALSE,"No criterion-specific evidence was loaded for this item yet, so the tool uses a neutral placeholder score to stay usable out of the box. This should be improved with more detailed research later.","","neutral_placeholder",5,0.25,"No criterion-specific evidence was loaded for this item yet, so the tool uses a neutral placeholder score to stay usable out of the box. This should be improved with more detailed research later.","neutral_placeholder",FALSE,FALSE,,,"","research_baseline","research_baseline"
"UCSB","fellowship_generosity",5,0.25,FALSE,"No criterion-specific evidence was loaded for this item yet, so the tool uses a neutral placeholder score to stay usable out of the box. This should be improved with more detailed research later.","","neutral_placeholder",5,0.25,"No criterion-specific evidence was loaded for this item yet, so the tool uses a neutral placeholder score to stay usable out of the box. This should be improved with more detailed research later.","neutral_placeholder",FALSE,FALSE,,,"","research_baseline","research_baseline"
"Northwestern","fellowship_generosity",5,0.25,FALSE,"No criterion-specific evidence was loaded for this item yet, so the tool uses a neutral placeholder score to stay usable out of the box. This should be improved with more detailed research later.","","neutral_placeholder",5,0.25,"No criterion-specific evidence was loaded for this item yet, so the tool uses a neutral placeholder score to stay usable out of the box. This should be improved with more detailed research later.","neutral_placeholder",FALSE,FALSE,,,"","research_baseline","research_baseline"
"UCSB","additional_fellowship_support",5,0.25,FALSE,"No criterion-specific evidence was loaded for this item yet, so the tool uses a neutral placeholder score to stay usable out of the box. This should be improved with more detailed research later.","Kent Jennings fellowship adds 6000 USD one time.","neutral_placeholder",5,0.25,"No criterion-specific evidence was loaded for this item yet, so the tool uses a neutral placeholder score to stay usable out of the box. This should be improved with more detailed research later.","neutral_placeholder",FALSE,FALSE,,,"","research_baseline","research_baseline"
"Northwestern","additional_fellowship_support",5,0.25,FALSE,"No criterion-specific evidence was loaded for this item yet, so the tool uses a neutral placeholder score to stay usable out of the box. This should be improved with more detailed research later.","","neutral_placeholder",5,0.25,"No criterion-specific evidence was loaded for this item yet, so the tool uses a neutral placeholder score to stay usable out of the box. This should be improved with more detailed research later.","neutral_placeholder",FALSE,FALSE,,,"","research_baseline","research_baseline"
"UCSB","teaching_load_sustainability",5,0.25,FALSE,"No criterion-specific evidence was loaded for this item yet, so the tool uses a neutral placeholder score to stay usable out of the box. This should be improved with more detailed research later.","","neutral_placeholder",5,0.25,"No criterion-specific evidence was loaded for this item yet, so the tool uses a neutral placeholder score to stay usable out of the box. This should be improved with more detailed research later.","neutral_placeholder",FALSE,FALSE,,,"","research_baseline","research_baseline"
"Northwestern","teaching_load_sustainability",5,0.25,FALSE,"No criterion-specific evidence was loaded for this item yet, so the tool uses a neutral placeholder score to stay usable out of the box. This should be improved with more detailed research later.","","neutral_placeholder",5,0.25,"No criterion-specific evidence was loaded for this item yet, so the tool uses a neutral placeholder score to stay usable out of the box. This should be improved with more detailed research later.","neutral_placeholder",FALSE,FALSE,,,"","research_baseline","research_baseline"
"UCSB","summer_funding",5,0.25,FALSE,"No criterion-specific evidence was loaded for this item yet, so the tool uses a neutral placeholder score to stay usable out of the box. This should be improved with more detailed research later.","","neutral_placeholder",5,0.25,"No criterion-specific evidence was loaded for this item yet, so the tool uses a neutral placeholder score to stay usable out of the box. This should be improved with more detailed research later.","neutral_placeholder",FALSE,FALSE,,,"","research_baseline","research_baseline"
"Northwestern","summer_funding",5,0.25,FALSE,"No criterion-specific evidence was loaded for this item yet, so the tool uses a neutral placeholder score to stay usable out of the box. This should be improved with more detailed research later.","","neutral_placeholder",5,0.25,"No criterion-specific evidence was loaded for this item yet, so the tool uses a neutral placeholder score to stay usable out of the box. This should be improved with more detailed research later.","neutral_placeholder",FALSE,FALSE,,,"","research_baseline","research_baseline"
"UCSB","travel_research_funding",5,0.25,FALSE,"No criterion-specific evidence was loaded for this item yet, so the tool uses a neutral placeholder score to stay usable out of the box. This should be improved with more detailed research later.","","neutral_placeholder",5,0.25,"No criterion-specific evidence was loaded for this item yet, so the tool uses a neutral placeholder score to stay usable out of the box. This should be improved with more detailed research later.","neutral_placeholder",FALSE,FALSE,,,"","research_baseline","research_baseline"
"Northwestern","travel_research_funding",5,0.25,FALSE,"No criterion-specific evidence was loaded for this item yet, so the tool uses a neutral placeholder score to stay usable out of the box. This should be improved with more detailed research later.","","neutral_placeholder",5,0.25,"No criterion-specific evidence was loaded for this item yet, so the tool uses a neutral placeholder score to stay usable out of the box. This should be improved with more detailed research later.","neutral_placeholder",FALSE,FALSE,,,"","research_baseline","research_baseline"
"UCSB","health_insurance",5,0.25,FALSE,"No criterion-specific evidence was loaded for this item yet, so the tool uses a neutral placeholder score to stay usable out of the box. This should be improved with more detailed research later.","","neutral_placeholder",5,0.25,"No criterion-specific evidence was loaded for this item yet, so the tool uses a neutral placeholder score to stay usable out of the box. This should be improved with more detailed research later.","neutral_placeholder",FALSE,FALSE,,,"","research_baseline","research_baseline"
"Northwestern","health_insurance",5,0.25,FALSE,"No criterion-specific evidence was loaded for this item yet, so the tool uses a neutral placeholder score to stay usable out of the box. This should be improved with more detailed research later.","","neutral_placeholder",5,0.25,"No criterion-specific evidence was loaded for this item yet, so the tool uses a neutral placeholder score to stay usable out of the box. This should be improved with more detailed research later.","neutral_placeholder",FALSE,FALSE,,,"","research_baseline","research_baseline"
"UCSB","housing_cost",5,0.25,FALSE,"No criterion-specific evidence was loaded for this item yet, so the tool uses a neutral placeholder score to stay usable out of the box. This should be improved with more detailed research later.","Guaranteed housing for two years at 950 USD per month.","neutral_placeholder",5,0.25,"No criterion-specific evidence was loaded for this item yet, so the tool uses a neutral placeholder score to stay usable out of the box. This should be improved with more detailed research later.","neutral_placeholder",FALSE,FALSE,,,"","research_baseline","research_baseline"
"Northwestern","housing_cost",5,0.25,FALSE,"No criterion-specific evidence was loaded for this item yet, so the tool uses a neutral placeholder score to stay usable out of the box. This should be improved with more detailed research later.","","neutral_placeholder",5,0.25,"No criterion-specific evidence was loaded for this item yet, so the tool uses a neutral placeholder score to stay usable out of the box. This should be improved with more detailed research later.","neutral_placeholder",FALSE,FALSE,,,"","research_baseline","research_baseline"
"UCSB","housing_security",5,0.25,FALSE,"No criterion-specific evidence was loaded for this item yet, so the tool uses a neutral placeholder score to stay usable out of the box. This should be improved with more detailed research later.","Campus housing is guaranteed for two years.","neutral_placeholder",5,0.25,"No criterion-specific evidence was loaded for this item yet, so the tool uses a neutral placeholder score to stay usable out of the box. This should be improved with more detailed research later.","neutral_placeholder",FALSE,FALSE,,,"","research_baseline","research_baseline"
"Northwestern","housing_security",5,0.25,FALSE,"No criterion-specific evidence was loaded for this item yet, so the tool uses a neutral placeholder score to stay usable out of the box. This should be improved with more detailed research later.","","neutral_placeholder",5,0.25,"No criterion-specific evidence was loaded for this item yet, so the tool uses a neutral placeholder score to stay usable out of the box. This should be improved with more detailed research later.","neutral_placeholder",FALSE,FALSE,,,"","research_baseline","research_baseline"
"UCSB","overall_cost_of_living",5,0.25,FALSE,"No criterion-specific evidence was loaded for this item yet, so the tool uses a neutral placeholder score to stay usable out of the box. This should be improved with more detailed research later.","","neutral_placeholder",5,0.25,"No criterion-specific evidence was loaded for this item yet, so the tool uses a neutral placeholder score to stay usable out of the box. This should be improved with more detailed research later.","neutral_placeholder",FALSE,FALSE,,,"","research_baseline","research_baseline"
"Northwestern","overall_cost_of_living",5,0.25,FALSE,"No criterion-specific evidence was loaded for this item yet, so the tool uses a neutral placeholder score to stay usable out of the box. This should be improved with more detailed research later.","","neutral_placeholder",5,0.25,"No criterion-specific evidence was loaded for this item yet, so the tool uses a neutral placeholder score to stay usable out of the box. This should be improved with more detailed research later.","neutral_placeholder",FALSE,FALSE,,,"","research_baseline","research_baseline"
"UCSB","ability_to_save",5,0.25,FALSE,"No criterion-specific evidence was loaded for this item yet, so the tool uses a neutral placeholder score to stay usable out of the box. This should be improved with more detailed research later.","","neutral_placeholder",5,0.25,"No criterion-specific evidence was loaded for this item yet, so the tool uses a neutral placeholder score to stay usable out of the box. This should be improved with more detailed research later.","neutral_placeholder",FALSE,FALSE,,,"","research_baseline","research_baseline"
"Northwestern","ability_to_save",5,0.25,FALSE,"No criterion-specific evidence was loaded for this item yet, so the tool uses a neutral placeholder score to stay usable out of the box. This should be improved with more detailed research later.","","neutral_placeholder",5,0.25,"No criterion-specific evidence was loaded for this item yet, so the tool uses a neutral placeholder score to stay usable out of the box. This should be improved with more detailed research later.","neutral_placeholder",FALSE,FALSE,,,"","research_baseline","research_baseline"
"UCSB","financial_stress_risk",5,0.25,FALSE,"No criterion-specific evidence was loaded for this item yet, so the tool uses a neutral placeholder score to stay usable out of the box. This should be improved with more detailed research later.","","neutral_placeholder",5,0.25,"No criterion-specific evidence was loaded for this item yet, so the tool uses a neutral placeholder score to stay usable out of the box. This should be improved with more detailed research later.","neutral_placeholder",FALSE,FALSE,,,"","research_baseline","research_baseline"
"Northwestern","financial_stress_risk",5,0.25,FALSE,"No criterion-specific evidence was loaded for this item yet, so the tool uses a neutral placeholder score to stay usable out of the box. This should be improved with more detailed research later.","","neutral_placeholder",5,0.25,"No criterion-specific evidence was loaded for this item yet, so the tool uses a neutral placeholder score to stay usable out of the box. This should be improved with more detailed research later.","neutral_placeholder",FALSE,FALSE,,,"","research_baseline","research_baseline"
"UCSB","administrative_clarity",5,0.25,FALSE,"No criterion-specific evidence was loaded for this item yet, so the tool uses a neutral placeholder score to stay usable out of the box. This should be improved with more detailed research later.","","neutral_placeholder",5,0.25,"No criterion-specific evidence was loaded for this item yet, so the tool uses a neutral placeholder score to stay usable out of the box. This should be improved with more detailed research later.","neutral_placeholder",FALSE,FALSE,,,"","research_baseline","research_baseline"
"Northwestern","administrative_clarity",5,0.25,FALSE,"No criterion-specific evidence was loaded for this item yet, so the tool uses a neutral placeholder score to stay usable out of the box. This should be improved with more detailed research later.","","neutral_placeholder",5,0.25,"No criterion-specific evidence was loaded for this item yet, so the tool uses a neutral placeholder score to stay usable out of the box. This should be improved with more detailed research later.","neutral_placeholder",FALSE,FALSE,,,"","research_baseline","research_baseline"
"UCSB","general_stress_culture",5,0.45,FALSE,"Prefilled starting value from the tool. Camille can keep it or change it if it feels off.","UCSB is described as calmer and more chill.","camille_required",5,0.25,"No criterion-specific evidence was loaded for this item yet, so the tool uses a neutral placeholder score to stay usable out of the box. This should be improved with more detailed research later.","neutral_placeholder",FALSE,TRUE,5,0.45,"Prefilled starting value from the tool. Camille can keep it or change it if it feels off.","camille_required","camille_required"
"Northwestern","general_stress_culture",5,0.45,FALSE,"Prefilled starting value from the tool. Camille can keep it or change it if it feels off.","The environment looks less chill and potentially higher pressure.","camille_required",5,0.25,"No criterion-specific evidence was loaded for this item yet, so the tool uses a neutral placeholder score to stay usable out of the box. This should be improved with more detailed research later.","neutral_placeholder",FALSE,TRUE,5,0.45,"Prefilled starting value from the tool. Camille can keep it or change it if it feels off.","camille_required","camille_required"
"UCSB","anxiety_fit",5,0.45,FALSE,"Prefilled starting value from the tool. Camille can keep it or change it if it feels off.","The calmer UCSB environment may help an anxious workaholic sustain the PhD.","camille_required",5,0.25,"No criterion-specific evidence was loaded for this item yet, so the tool uses a neutral placeholder score to stay usable out of the box. This should be improved with more detailed research later.","neutral_placeholder",FALSE,TRUE,5,0.45,"Prefilled starting value from the tool. Camille can keep it or change it if it feels off.","camille_required","camille_required"
"Northwestern","anxiety_fit",5,0.45,FALSE,"Prefilled starting value from the tool. Camille can keep it or change it if it feels off.","","camille_required",5,0.25,"No criterion-specific evidence was loaded for this item yet, so the tool uses a neutral placeholder score to stay usable out of the box. This should be improved with more detailed research later.","neutral_placeholder",FALSE,TRUE,5,0.45,"Prefilled starting value from the tool. Camille can keep it or change it if it feels off.","camille_required","camille_required"
"UCSB","workaholism_sustainability",5,0.45,FALSE,"Prefilled starting value from the tool. Camille can keep it or change it if it feels off.","","camille_required",5,0.25,"No criterion-specific evidence was loaded for this item yet, so the tool uses a neutral placeholder score to stay usable out of the box. This should be improved with more detailed research later.","neutral_placeholder",FALSE,TRUE,5,0.45,"Prefilled starting value from the tool. Camille can keep it or change it if it feels off.","camille_required","camille_required"
"Northwestern","workaholism_sustainability",5,0.45,FALSE,"Prefilled starting value from the tool. Camille can keep it or change it if it feels off.","","camille_required",5,0.25,"No criterion-specific evidence was loaded for this item yet, so the tool uses a neutral placeholder score to stay usable out of the box. This should be improved with more detailed research later.","neutral_placeholder",FALSE,TRUE,5,0.45,"Prefilled starting value from the tool. Camille can keep it or change it if it feels off.","camille_required","camille_required"
"UCSB","routine_stability",5,0.45,FALSE,"Prefilled starting value from the tool. Camille can keep it or change it if it feels off.","","camille_required",5,0.25,"No criterion-specific evidence was loaded for this item yet, so the tool uses a neutral placeholder score to stay usable out of the box. This should be improved with more detailed research later.","neutral_placeholder",FALSE,TRUE,5,0.45,"Prefilled starting value from the tool. Camille can keep it or change it if it feels off.","camille_required","camille_required"
"Northwestern","routine_stability",5,0.45,FALSE,"Prefilled starting value from the tool. Camille can keep it or change it if it feels off.","","camille_required",5,0.25,"No criterion-specific evidence was loaded for this item yet, so the tool uses a neutral placeholder score to stay usable out of the box. This should be improved with more detailed research later.","neutral_placeholder",FALSE,TRUE,5,0.45,"Prefilled starting value from the tool. Camille can keep it or change it if it feels off.","camille_required","camille_required"
"UCSB","weather_and_daily_quality",5,0.45,FALSE,"Prefilled starting value from the tool. Camille can keep it or change it if it feels off.","","camille_required",5,0.25,"No criterion-specific evidence was loaded for this item yet, so the tool uses a neutral placeholder score to stay usable out of the box. This should be improved with more detailed research later.","neutral_placeholder",FALSE,TRUE,5,0.45,"Prefilled starting value from the tool. Camille can keep it or change it if it feels off.","camille_required","camille_required"
"Northwestern","weather_and_daily_quality",5,0.45,FALSE,"Prefilled starting value from the tool. Camille can keep it or change it if it feels off.","","camille_required",5,0.25,"No criterion-specific evidence was loaded for this item yet, so the tool uses a neutral placeholder score to stay usable out of the box. This should be improved with more detailed research later.","neutral_placeholder",FALSE,TRUE,5,0.45,"Prefilled starting value from the tool. Camille can keep it or change it if it feels off.","camille_required","camille_required"
"UCSB","access_to_nature",5,0.45,FALSE,"Prefilled starting value from the tool. Camille can keep it or change it if it feels off.","","camille_required",5,0.25,"No criterion-specific evidence was loaded for this item yet, so the tool uses a neutral placeholder score to stay usable out of the box. This should be improved with more detailed research later.","neutral_placeholder",FALSE,TRUE,5,0.45,"Prefilled starting value from the tool. Camille can keep it or change it if it feels off.","camille_required","camille_required"
"Northwestern","access_to_nature",5,0.45,FALSE,"Prefilled starting value from the tool. Camille can keep it or change it if it feels off.","","camille_required",5,0.25,"No criterion-specific evidence was loaded for this item yet, so the tool uses a neutral placeholder score to stay usable out of the box. This should be improved with more detailed research later.","neutral_placeholder",FALSE,TRUE,5,0.45,"Prefilled starting value from the tool. Camille can keep it or change it if it feels off.","camille_required","camille_required"
"UCSB","access_to_mental_health_support",5,0.45,FALSE,"Prefilled starting value from the tool. Camille can keep it or change it if it feels off.","","camille_required",5,0.25,"No criterion-specific evidence was loaded for this item yet, so the tool uses a neutral placeholder score to stay usable out of the box. This should be improved with more detailed research later.","neutral_placeholder",FALSE,TRUE,5,0.45,"Prefilled starting value from the tool. Camille can keep it or change it if it feels off.","camille_required","camille_required"
"Northwestern","access_to_mental_health_support",5,0.45,FALSE,"Prefilled starting value from the tool. Camille can keep it or change it if it feels off.","","camille_required",5,0.25,"No criterion-specific evidence was loaded for this item yet, so the tool uses a neutral placeholder score to stay usable out of the box. This should be improved with more detailed research later.","neutral_placeholder",FALSE,TRUE,5,0.45,"Prefilled starting value from the tool. Camille can keep it or change it if it feels off.","camille_required","camille_required"
"UCSB","overall_emotional_sustainability",5,0.45,FALSE,"Prefilled starting value from the tool. Camille can keep it or change it if it feels off.","","camille_required",5,0.25,"No criterion-specific evidence was loaded for this item yet, so the tool uses a neutral placeholder score to stay usable out of the box. This should be improved with more detailed research later.","neutral_placeholder",FALSE,TRUE,5,0.45,"Prefilled starting value from the tool. Camille can keep it or change it if it feels off.","camille_required","camille_required"
"Northwestern","overall_emotional_sustainability",5,0.45,FALSE,"Prefilled starting value from the tool. Camille can keep it or change it if it feels off.","","camille_required",5,0.25,"No criterion-specific evidence was loaded for this item yet, so the tool uses a neutral placeholder score to stay usable out of the box. This should be improved with more detailed research later.","neutral_placeholder",FALSE,TRUE,5,0.45,"Prefilled starting value from the tool. Camille can keep it or change it if it feels off.","camille_required","camille_required"
"UCSB","faculty_warmth",5,0.45,FALSE,"Prefilled starting value from the tool. Camille can keep it or change it if it feels off.","The department gave her a lot of attention and warmth during recruitment.","camille_required",5,0.25,"No criterion-specific evidence was loaded for this item yet, so the tool uses a neutral placeholder score to stay usable out of the box. This should be improved with more detailed research later.","neutral_placeholder",FALSE,TRUE,5,0.45,"Prefilled starting value from the tool. Camille can keep it or change it if it feels off.","camille_required","camille_required"
"Northwestern","faculty_warmth",5,0.45,FALSE,"Prefilled starting value from the tool. Camille can keep it or change it if it feels off.","","camille_required",5,0.25,"No criterion-specific evidence was loaded for this item yet, so the tool uses a neutral placeholder score to stay usable out of the box. This should be improved with more detailed research later.","neutral_placeholder",FALSE,TRUE,5,0.45,"Prefilled starting value from the tool. Camille can keep it or change it if it feels off.","camille_required","camille_required"
"UCSB","cohort_collegiality",5,0.45,FALSE,"Prefilled starting value from the tool. Camille can keep it or change it if it feels off.","","camille_required",5,0.25,"No criterion-specific evidence was loaded for this item yet, so the tool uses a neutral placeholder score to stay usable out of the box. This should be improved with more detailed research later.","neutral_placeholder",FALSE,TRUE,5,0.45,"Prefilled starting value from the tool. Camille can keep it or change it if it feels off.","camille_required","camille_required"
"Northwestern","cohort_collegiality",5,0.45,FALSE,"Prefilled starting value from the tool. Camille can keep it or change it if it feels off.","","camille_required",5,0.25,"No criterion-specific evidence was loaded for this item yet, so the tool uses a neutral placeholder score to stay usable out of the box. This should be improved with more detailed research later.","neutral_placeholder",FALSE,TRUE,5,0.45,"Prefilled starting value from the tool. Camille can keep it or change it if it feels off.","camille_required","camille_required"
"UCSB","respect_and_belonging",5,0.45,FALSE,"Prefilled starting value from the tool. Camille can keep it or change it if it feels off.","","camille_required",5,0.25,"No criterion-specific evidence was loaded for this item yet, so the tool uses a neutral placeholder score to stay usable out of the box. This should be improved with more detailed research later.","neutral_placeholder",FALSE,TRUE,5,0.45,"Prefilled starting value from the tool. Camille can keep it or change it if it feels off.","camille_required","camille_required"
"Northwestern","respect_and_belonging",5,0.45,FALSE,"Prefilled starting value from the tool. Camille can keep it or change it if it feels off.","","camille_required",5,0.25,"No criterion-specific evidence was loaded for this item yet, so the tool uses a neutral placeholder score to stay usable out of the box. This should be improved with more detailed research later.","neutral_placeholder",FALSE,TRUE,5,0.45,"Prefilled starting value from the tool. Camille can keep it or change it if it feels off.","camille_required","camille_required"
"UCSB","intimidation_vs_support",5,0.45,FALSE,"Prefilled starting value from the tool. Camille can keep it or change it if it feels off.","","camille_required",5,0.25,"No criterion-specific evidence was loaded for this item yet, so the tool uses a neutral placeholder score to stay usable out of the box. This should be improved with more detailed research later.","neutral_placeholder",FALSE,TRUE,5,0.45,"Prefilled starting value from the tool. Camille can keep it or change it if it feels off.","camille_required","camille_required"
"Northwestern","intimidation_vs_support",5,0.45,FALSE,"Prefilled starting value from the tool. Camille can keep it or change it if it feels off.","","camille_required",5,0.25,"No criterion-specific evidence was loaded for this item yet, so the tool uses a neutral placeholder score to stay usable out of the box. This should be improved with more detailed research later.","neutral_placeholder",FALSE,TRUE,5,0.45,"Prefilled starting value from the tool. Camille can keep it or change it if it feels off.","camille_required","camille_required"
"UCSB","transparency_of_expectations",5,0.45,FALSE,"Prefilled starting value from the tool. Camille can keep it or change it if it feels off.","","camille_required",5,0.25,"No criterion-specific evidence was loaded for this item yet, so the tool uses a neutral placeholder score to stay usable out of the box. This should be improved with more detailed research later.","neutral_placeholder",FALSE,TRUE,5,0.45,"Prefilled starting value from the tool. Camille can keep it or change it if it feels off.","camille_required","camille_required"
"Northwestern","transparency_of_expectations",5,0.45,FALSE,"Prefilled starting value from the tool. Camille can keep it or change it if it feels off.","","camille_required",5,0.25,"No criterion-specific evidence was loaded for this item yet, so the tool uses a neutral placeholder score to stay usable out of the box. This should be improved with more detailed research later.","neutral_placeholder",FALSE,TRUE,5,0.45,"Prefilled starting value from the tool. Camille can keep it or change it if it feels off.","camille_required","camille_required"
"UCSB","administrative_competence",5,0.45,FALSE,"Prefilled starting value from the tool. Camille can keep it or change it if it feels off.","","camille_required",5,0.25,"No criterion-specific evidence was loaded for this item yet, so the tool uses a neutral placeholder score to stay usable out of the box. This should be improved with more detailed research later.","neutral_placeholder",FALSE,TRUE,5,0.45,"Prefilled starting value from the tool. Camille can keep it or change it if it feels off.","camille_required","camille_required"
"Northwestern","administrative_competence",5,0.45,FALSE,"Prefilled starting value from the tool. Camille can keep it or change it if it feels off.","","camille_required",5,0.25,"No criterion-specific evidence was loaded for this item yet, so the tool uses a neutral placeholder score to stay usable out of the box. This should be improved with more detailed research later.","neutral_placeholder",FALSE,TRUE,5,0.45,"Prefilled starting value from the tool. Camille can keep it or change it if it feels off.","camille_required","camille_required"
"UCSB","toxic_competitiveness_risk",5,0.45,FALSE,"Prefilled starting value from the tool. Camille can keep it or change it if it feels off.","","camille_required",5,0.25,"No criterion-specific evidence was loaded for this item yet, so the tool uses a neutral placeholder score to stay usable out of the box. This should be improved with more detailed research later.","neutral_placeholder",FALSE,TRUE,5,0.45,"Prefilled starting value from the tool. Camille can keep it or change it if it feels off.","camille_required","camille_required"
"Northwestern","toxic_competitiveness_risk",5,0.45,FALSE,"Prefilled starting value from the tool. Camille can keep it or change it if it feels off.","","camille_required",5,0.25,"No criterion-specific evidence was loaded for this item yet, so the tool uses a neutral placeholder score to stay usable out of the box. This should be improved with more detailed research later.","neutral_placeholder",FALSE,TRUE,5,0.45,"Prefilled starting value from the tool. Camille can keep it or change it if it feels off.","camille_required","camille_required"
"UCSB","ability_to_ask_for_help",5,0.45,FALSE,"Prefilled starting value from the tool. Camille can keep it or change it if it feels off.","","camille_required",5,0.25,"No criterion-specific evidence was loaded for this item yet, so the tool uses a neutral placeholder score to stay usable out of the box. This should be improved with more detailed research later.","neutral_placeholder",FALSE,TRUE,5,0.45,"Prefilled starting value from the tool. Camille can keep it or change it if it feels off.","camille_required","camille_required"
"Northwestern","ability_to_ask_for_help",5,0.45,FALSE,"Prefilled starting value from the tool. Camille can keep it or change it if it feels off.","","camille_required",5,0.25,"No criterion-specific evidence was loaded for this item yet, so the tool uses a neutral placeholder score to stay usable out of the box. This should be improved with more detailed research later.","neutral_placeholder",FALSE,TRUE,5,0.45,"Prefilled starting value from the tool. Camille can keep it or change it if it feels off.","camille_required","camille_required"
"UCSB","placement_strength",5,0.25,FALSE,"No criterion-specific evidence was loaded for this item yet, so the tool uses a neutral placeholder score to stay usable out of the box. This should be improved with more detailed research later.","","neutral_placeholder",5,0.25,"No criterion-specific evidence was loaded for this item yet, so the tool uses a neutral placeholder score to stay usable out of the box. This should be improved with more detailed research later.","neutral_placeholder",FALSE,FALSE,,,"","research_baseline","research_baseline"
"Northwestern","placement_strength",5,0.25,FALSE,"No criterion-specific evidence was loaded for this item yet, so the tool uses a neutral placeholder score to stay usable out of the box. This should be improved with more detailed research later.","","neutral_placeholder",5,0.25,"No criterion-specific evidence was loaded for this item yet, so the tool uses a neutral placeholder score to stay usable out of the box. This should be improved with more detailed research later.","neutral_placeholder",FALSE,FALSE,,,"","research_baseline","research_baseline"
"UCSB","prestige_brand",5,0.25,FALSE,"No criterion-specific evidence was loaded for this item yet, so the tool uses a neutral placeholder score to stay usable out of the box. This should be improved with more detailed research later.","","neutral_placeholder",5,0.25,"No criterion-specific evidence was loaded for this item yet, so the tool uses a neutral placeholder score to stay usable out of the box. This should be improved with more detailed research later.","neutral_placeholder",FALSE,FALSE,,,"","research_baseline","research_baseline"
"Northwestern","prestige_brand",5,0.25,FALSE,"No criterion-specific evidence was loaded for this item yet, so the tool uses a neutral placeholder score to stay usable out of the box. This should be improved with more detailed research later.","Northwestern is perceived as more prestigious.","neutral_placeholder",5,0.25,"No criterion-specific evidence was loaded for this item yet, so the tool uses a neutral placeholder score to stay usable out of the box. This should be improved with more detailed research later.","neutral_placeholder",FALSE,FALSE,,,"","research_baseline","research_baseline"
"UCSB","niche_reputation",5,0.25,FALSE,"No criterion-specific evidence was loaded for this item yet, so the tool uses a neutral placeholder score to stay usable out of the box. This should be improved with more detailed research later.","","neutral_placeholder",5,0.25,"No criterion-specific evidence was loaded for this item yet, so the tool uses a neutral placeholder score to stay usable out of the box. This should be improved with more detailed research later.","neutral_placeholder",FALSE,FALSE,,,"","research_baseline","research_baseline"
"Northwestern","niche_reputation",5,0.25,FALSE,"No criterion-specific evidence was loaded for this item yet, so the tool uses a neutral placeholder score to stay usable out of the box. This should be improved with more detailed research later.","","neutral_placeholder",5,0.25,"No criterion-specific evidence was loaded for this item yet, so the tool uses a neutral placeholder score to stay usable out of the box. This should be improved with more detailed research later.","neutral_placeholder",FALSE,FALSE,,,"","research_baseline","research_baseline"
"UCSB","letter_writer_strength",5,0.25,FALSE,"No criterion-specific evidence was loaded for this item yet, so the tool uses a neutral placeholder score to stay usable out of the box. This should be improved with more detailed research later.","","neutral_placeholder",5,0.25,"No criterion-specific evidence was loaded for this item yet, so the tool uses a neutral placeholder score to stay usable out of the box. This should be improved with more detailed research later.","neutral_placeholder",FALSE,FALSE,,,"","research_baseline","research_baseline"
"Northwestern","letter_writer_strength",5,0.25,FALSE,"No criterion-specific evidence was loaded for this item yet, so the tool uses a neutral placeholder score to stay usable out of the box. This should be improved with more detailed research later.","","neutral_placeholder",5,0.25,"No criterion-specific evidence was loaded for this item yet, so the tool uses a neutral placeholder score to stay usable out of the box. This should be improved with more detailed research later.","neutral_placeholder",FALSE,FALSE,,,"","research_baseline","research_baseline"
"UCSB","publication_support",5,0.25,FALSE,"No criterion-specific evidence was loaded for this item yet, so the tool uses a neutral placeholder score to stay usable out of the box. This should be improved with more detailed research later.","","neutral_placeholder",5,0.25,"No criterion-specific evidence was loaded for this item yet, so the tool uses a neutral placeholder score to stay usable out of the box. This should be improved with more detailed research later.","neutral_placeholder",FALSE,FALSE,,,"","research_baseline","research_baseline"
"Northwestern","publication_support",5,0.25,FALSE,"No criterion-specific evidence was loaded for this item yet, so the tool uses a neutral placeholder score to stay usable out of the box. This should be improved with more detailed research later.","","neutral_placeholder",5,0.25,"No criterion-specific evidence was loaded for this item yet, so the tool uses a neutral placeholder score to stay usable out of the box. This should be improved with more detailed research later.","neutral_placeholder",FALSE,FALSE,,,"","research_baseline","research_baseline"
"UCSB","external_network_access",5,0.25,FALSE,"No criterion-specific evidence was loaded for this item yet, so the tool uses a neutral placeholder score to stay usable out of the box. This should be improved with more detailed research later.","","neutral_placeholder",5,0.25,"No criterion-specific evidence was loaded for this item yet, so the tool uses a neutral placeholder score to stay usable out of the box. This should be improved with more detailed research later.","neutral_placeholder",FALSE,FALSE,,,"","research_baseline","research_baseline"
"Northwestern","external_network_access",5,0.25,FALSE,"No criterion-specific evidence was loaded for this item yet, so the tool uses a neutral placeholder score to stay usable out of the box. This should be improved with more detailed research later.","","neutral_placeholder",5,0.25,"No criterion-specific evidence was loaded for this item yet, so the tool uses a neutral placeholder score to stay usable out of the box. This should be improved with more detailed research later.","neutral_placeholder",FALSE,FALSE,,,"","research_baseline","research_baseline"
"UCSB","career_optionality",5,0.25,FALSE,"No criterion-specific evidence was loaded for this item yet, so the tool uses a neutral placeholder score to stay usable out of the box. This should be improved with more detailed research later.","","neutral_placeholder",5,0.25,"No criterion-specific evidence was loaded for this item yet, so the tool uses a neutral placeholder score to stay usable out of the box. This should be improved with more detailed research later.","neutral_placeholder",FALSE,FALSE,,,"","research_baseline","research_baseline"
"Northwestern","career_optionality",5,0.25,FALSE,"No criterion-specific evidence was loaded for this item yet, so the tool uses a neutral placeholder score to stay usable out of the box. This should be improved with more detailed research later.","","neutral_placeholder",5,0.25,"No criterion-specific evidence was loaded for this item yet, so the tool uses a neutral placeholder score to stay usable out of the box. This should be improved with more detailed research later.","neutral_placeholder",FALSE,FALSE,,,"","research_baseline","research_baseline"
"UCSB","distance_to_support_network",5,0.45,FALSE,"Prefilled starting value from the tool. Camille can keep it or change it if it feels off.","","camille_required",5,0.25,"No criterion-specific evidence was loaded for this item yet, so the tool uses a neutral placeholder score to stay usable out of the box. This should be improved with more detailed research later.","neutral_placeholder",FALSE,TRUE,5,0.45,"Prefilled starting value from the tool. Camille can keep it or change it if it feels off.","camille_required","camille_required"
"Northwestern","distance_to_support_network",5,0.45,FALSE,"Prefilled starting value from the tool. Camille can keep it or change it if it feels off.","","camille_required",5,0.25,"No criterion-specific evidence was loaded for this item yet, so the tool uses a neutral placeholder score to stay usable out of the box. This should be improved with more detailed research later.","neutral_placeholder",FALSE,TRUE,5,0.45,"Prefilled starting value from the tool. Camille can keep it or change it if it feels off.","camille_required","camille_required"
"UCSB","lifestyle_fit",5,0.45,FALSE,"Prefilled starting value from the tool. Camille can keep it or change it if it feels off.","","camille_required",5,0.25,"No criterion-specific evidence was loaded for this item yet, so the tool uses a neutral placeholder score to stay usable out of the box. This should be improved with more detailed research later.","neutral_placeholder",FALSE,TRUE,5,0.45,"Prefilled starting value from the tool. Camille can keep it or change it if it feels off.","camille_required","camille_required"
"Northwestern","lifestyle_fit",5,0.45,FALSE,"Prefilled starting value from the tool. Camille can keep it or change it if it feels off.","","camille_required",5,0.25,"No criterion-specific evidence was loaded for this item yet, so the tool uses a neutral placeholder score to stay usable out of the box. This should be improved with more detailed research later.","neutral_placeholder",FALSE,TRUE,5,0.45,"Prefilled starting value from the tool. Camille can keep it or change it if it feels off.","camille_required","camille_required"
"UCSB","ease_building_community",5,0.45,FALSE,"Prefilled starting value from the tool. Camille can keep it or change it if it feels off.","","camille_required",5,0.25,"No criterion-specific evidence was loaded for this item yet, so the tool uses a neutral placeholder score to stay usable out of the box. This should be improved with more detailed research later.","neutral_placeholder",FALSE,TRUE,5,0.45,"Prefilled starting value from the tool. Camille can keep it or change it if it feels off.","camille_required","camille_required"
"Northwestern","ease_building_community",5,0.45,FALSE,"Prefilled starting value from the tool. Camille can keep it or change it if it feels off.","","camille_required",5,0.25,"No criterion-specific evidence was loaded for this item yet, so the tool uses a neutral placeholder score to stay usable out of the box. This should be improved with more detailed research later.","neutral_placeholder",FALSE,TRUE,5,0.45,"Prefilled starting value from the tool. Camille can keep it or change it if it feels off.","camille_required","camille_required"
"UCSB","overall_livability",5,0.45,FALSE,"Prefilled starting value from the tool. Camille can keep it or change it if it feels off.","","camille_required",5,0.25,"No criterion-specific evidence was loaded for this item yet, so the tool uses a neutral placeholder score to stay usable out of the box. This should be improved with more detailed research later.","neutral_placeholder",FALSE,TRUE,5,0.45,"Prefilled starting value from the tool. Camille can keep it or change it if it feels off.","camille_required","camille_required"
"Northwestern","overall_livability",5,0.45,FALSE,"Prefilled starting value from the tool. Camille can keep it or change it if it feels off.","","camille_required",5,0.25,"No criterion-specific evidence was loaded for this item yet, so the tool uses a neutral placeholder score to stay usable out of the box. This should be improved with more detailed research later.","neutral_placeholder",FALSE,TRUE,5,0.45,"Prefilled starting value from the tool. Camille can keep it or change it if it feels off.","camille_required","camille_required"
"UCSB","known_vs_unknown",5,0.45,FALSE,"Prefilled starting value from the tool. Camille can keep it or change it if it feels off.","She was admitted early after an interview and has had more time to learn about the program.","camille_required",5,0.25,"No criterion-specific evidence was loaded for this item yet, so the tool uses a neutral placeholder score to stay usable out of the box. This should be improved with more detailed research later.","neutral_placeholder",FALSE,TRUE,5,0.45,"Prefilled starting value from the tool. Camille can keep it or change it if it feels off.","camille_required","camille_required"
"Northwestern","known_vs_unknown",5,0.45,FALSE,"Prefilled starting value from the tool. Camille can keep it or change it if it feels off.","She was admitted from the waitlist after the April 15 deadline and is being urged to decide quickly.","camille_required",5,0.25,"No criterion-specific evidence was loaded for this item yet, so the tool uses a neutral placeholder score to stay usable out of the box. This should be improved with more detailed research later.","neutral_placeholder",FALSE,TRUE,5,0.45,"Prefilled starting value from the tool. Camille can keep it or change it if it feels off.","camille_required","camille_required"
"UCSB","reliance_on_single_professor",5,0.45,FALSE,"Prefilled starting value from the tool. Camille can keep it or change it if it feels off.","","camille_required",5,0.25,"No criterion-specific evidence was loaded for this item yet, so the tool uses a neutral placeholder score to stay usable out of the box. This should be improved with more detailed research later.","neutral_placeholder",FALSE,TRUE,5,0.45,"Prefilled starting value from the tool. Camille can keep it or change it if it feels off.","camille_required","camille_required"
"Northwestern","reliance_on_single_professor",5,0.45,FALSE,"Prefilled starting value from the tool. Camille can keep it or change it if it feels off.","","camille_required",5,0.25,"No criterion-specific evidence was loaded for this item yet, so the tool uses a neutral placeholder score to stay usable out of the box. This should be improved with more detailed research later.","neutral_placeholder",FALSE,TRUE,5,0.45,"Prefilled starting value from the tool. Camille can keep it or change it if it feels off.","camille_required","camille_required"
"UCSB","confidence_against_regret",5,0.45,FALSE,"Prefilled starting value from the tool. Camille can keep it or change it if it feels off.","","camille_required",5,0.25,"No criterion-specific evidence was loaded for this item yet, so the tool uses a neutral placeholder score to stay usable out of the box. This should be improved with more detailed research later.","neutral_placeholder",FALSE,TRUE,5,0.45,"Prefilled starting value from the tool. Camille can keep it or change it if it feels off.","camille_required","camille_required"
"Northwestern","confidence_against_regret",5,0.45,FALSE,"Prefilled starting value from the tool. Camille can keep it or change it if it feels off.","","camille_required",5,0.25,"No criterion-specific evidence was loaded for this item yet, so the tool uses a neutral placeholder score to stay usable out of the box. This should be improved with more detailed research later.","neutral_placeholder",FALSE,TRUE,5,0.45,"Prefilled starting value from the tool. Camille can keep it or change it if it feels off.","camille_required","camille_required"
"UCSB","late_offer_process_confidence",5,0.45,FALSE,"Prefilled starting value from the tool. Camille can keep it or change it if it feels off.","","camille_required",5,0.25,"No criterion-specific evidence was loaded for this item yet, so the tool uses a neutral placeholder score to stay usable out of the box. This should be improved with more detailed research later.","neutral_placeholder",FALSE,TRUE,5,0.45,"Prefilled starting value from the tool. Camille can keep it or change it if it feels off.","camille_required","camille_required"
"Northwestern","late_offer_process_confidence",5,0.45,FALSE,"Prefilled starting value from the tool. Camille can keep it or change it if it feels off.","The late offer gives less time and less process clarity than UCSB.","camille_required",5,0.25,"No criterion-specific evidence was loaded for this item yet, so the tool uses a neutral placeholder score to stay usable out of the box. This should be improved with more detailed research later.","neutral_placeholder",FALSE,TRUE,5,0.45,"Prefilled starting value from the tool. Camille can keep it or change it if it feels off.","camille_required","camille_required"
"UCSB","switching_cost_acceptance_status",5,0.45,FALSE,"Prefilled starting value from the tool. Camille can keep it or change it if it feels off.","She has already accepted the UCSB offer so switching has some process cost.","camille_required",5,0.25,"No criterion-specific evidence was loaded for this item yet, so the tool uses a neutral placeholder score to stay usable out of the box. This should be improved with more detailed research later.","neutral_placeholder",FALSE,TRUE,5,0.45,"Prefilled starting value from the tool. Camille can keep it or change it if it feels off.","camille_required","camille_required"
"Northwestern","switching_cost_acceptance_status",5,0.45,FALSE,"Prefilled starting value from the tool. Camille can keep it or change it if it feels off.","Choosing Northwestern now would require backing out after already accepting UCSB.","camille_required",5,0.25,"No criterion-specific evidence was loaded for this item yet, so the tool uses a neutral placeholder score to stay usable out of the box. This should be improved with more detailed research later.","neutral_placeholder",FALSE,TRUE,5,0.45,"Prefilled starting value from the tool. Camille can keep it or change it if it feels off.","camille_required","camille_required"
"UCSB","decision_reversibility",5,0.45,FALSE,"Prefilled starting value from the tool. Camille can keep it or change it if it feels off.","","camille_required",5,0.25,"No criterion-specific evidence was loaded for this item yet, so the tool uses a neutral placeholder score to stay usable out of the box. This should be improved with more detailed research later.","neutral_placeholder",FALSE,TRUE,5,0.45,"Prefilled starting value from the tool. Camille can keep it or change it if it feels off.","camille_required","camille_required"
"Northwestern","decision_reversibility",5,0.45,FALSE,"Prefilled starting value from the tool. Camille can keep it or change it if it feels off.","","camille_required",5,0.25,"No criterion-specific evidence was loaded for this item yet, so the tool uses a neutral placeholder score to stay usable out of the box. This should be improved with more detailed research later.","neutral_placeholder",FALSE,TRUE,5,0.45,"Prefilled starting value from the tool. Camille can keep it or change it if it feels off.","camille_required","camille_required"
